{"type": "metrics", "dataset": "train", "precision": 0.9966329966329966, "balanced_accuracy": 0.96918159324341, "recall": 0.9392849587476201, "f1_score": 0.9671095621868874}
{"type": "metrics", "dataset": "test", "precision": 0.6565910999160369, "balanced_accuracy": 0.6759799032542524, "recall": 0.40963855421686746, "f1_score": 0.5045161290322581}
{"type":"cm_matrix","dataset":"train","true_0":{"predicted_0":16258,"predicted_1":15},"true_1":{"predicted_0":287,"predicted_1":4440}}
{"type":"cm_matrix","dataset":"test","true_0":{"predicted_0":6682,"predicted_1":409},"true_1":{"predicted_0":1127,"predicted_1":782}}